<?xml version="1.0" encoding="UTF-8" standalone="yes"?>
<addon id="repository.altwizard"
       name="ALT Wizard Repository"
       version="1.0.0"
       provider-name="lilzenbca">
    <extension point="xbmc.addon.repository" name="ALT Wizard Repository">
        <dir>
            <info compressed="false">https://raw.githubusercontent.com/lilzenbca/MyKodiBuild/main/repository.altwizard/zips/addons.xml</info>
            <checksum>https://raw.githubusercontent.com/lilzenbca/MyKodiBuild/main/repository.altwizard/zips/addons.xml.md5</checksum>
            <datadir zip="true">https://raw.githubusercontent.com/lilzenbca/MyKodiBuild/main/repository.altwizard/zips/</datadir>
        </dir>
    </extension>
    <extension point="xbmc.addon.metadata">
        <summary>ALT Wizard Repository</summary>
        <description>This repository installs and updates the ALT Wizard add-on and other ALT projects.</description>
        <platform>all</platform>
    </extension>
</addon>